#,frozen_output,output_section,generating_script_v3,direct_inputs,direct_input_producer_scripts,upstream_public_roots,reproducible_from_public,coverage,execution_evidence_v3,py_compile_v3
1,B5/mechanism_chain_validation.csv,B5,scripts/b5_m34_mechanism_rescue.py,output/B5/core68_evidence_matrix.csv; output/B2/GSE309037_B2_CoCul_vs_MoCul.csv; output/B4/B4b_ISG_core_set.csv,scripts/b5_m34_mechanism_rescue.py,"02->06 B1 (GSE309039), 08->11 B2 (GSE309037), 12->13 B3 (GSE309038), 14 B4, b5_m1/m2 (core68 evidence); GEO GSE309039/309037/309038",YES(public GEO+MSigDB+Ensembl),mapped,"RE-RUN PASS (clean-room run01, C4.4E)",PASS
2,B5/rescue_analysis_full.csv,B5,scripts/b5_m34_mechanism_rescue.py,output/B5/core68_evidence_matrix.csv; output/B2/GSE309037_B2_CoCul_vs_MoCul.csv; output/B4/B4b_ISG_core_set.csv,scripts/b5_m34_mechanism_rescue.py,"02->06 B1 (GSE309039), 08->11 B2 (GSE309037), 12->13 B3 (GSE309038), 14 B4, b5_m1/m2 (core68 evidence); GEO GSE309039/309037/309038",YES(public GEO+MSigDB+Ensembl),mapped,"RE-RUN PASS (clean-room run01, C4.4E)",PASS
3,B5/rescue_sensitivity_analysis.csv,B5,scripts/b5_m34_mechanism_rescue.py,output/B5/core68_evidence_matrix.csv; output/B2/GSE309037_B2_CoCul_vs_MoCul.csv; output/B4/B4b_ISG_core_set.csv,scripts/b5_m34_mechanism_rescue.py,"02->06 B1 (GSE309039), 08->11 B2 (GSE309037), 12->13 B3 (GSE309038), 14 B4, b5_m1/m2 (core68 evidence); GEO GSE309039/309037/309038",YES(public GEO+MSigDB+Ensembl),mapped,"RE-RUN PASS (clean-room run01, C4.4E)",PASS
4,B5/figures/suppression_rescue_scatter.pdf,B5,scripts/b5_m34_mechanism_rescue.py,output/B5/core68_evidence_matrix.csv; output/B2/GSE309037_B2_CoCul_vs_MoCul.csv; output/B4/B4b_ISG_core_set.csv,scripts/b5_m34_mechanism_rescue.py,"02->06 B1 (GSE309039), 08->11 B2 (GSE309037), 12->13 B3 (GSE309038), 14 B4, b5_m1/m2 (core68 evidence); GEO GSE309039/309037/309038",YES(public GEO+MSigDB+Ensembl),mapped,"RE-RUN PASS (clean-room run01, C4.4E)",PASS
5,B5/figures/rescue_heatmap.pdf,B5,scripts/b5_m34_mechanism_rescue.py,output/B5/core68_evidence_matrix.csv; output/B2/GSE309037_B2_CoCul_vs_MoCul.csv; output/B4/B4b_ISG_core_set.csv,scripts/b5_m34_mechanism_rescue.py,"02->06 B1 (GSE309039), 08->11 B2 (GSE309037), 12->13 B3 (GSE309038), 14 B4, b5_m1/m2 (core68 evidence); GEO GSE309039/309037/309038",YES(public GEO+MSigDB+Ensembl),mapped,"RE-RUN PASS (clean-room run01, C4.4E)",PASS
6,B5/robustness_analysis.csv,B5,scripts/b5_m6b_permutation.py,output/B5/core68_evidence_matrix.csv; output/B2/IFN_gold_standard_ISG_up.csv; output/B2/CoCul_vs_MoCul_sig.csv; output/B2/GSE309037_B2_CoCul_vs_MoCul.csv; output/B1/data2_C8_GMCSF_vs_ctrl.csv; output/B1/data2_C9_LN229_vs_mono.csv,scripts/b5_m6b_permutation.py,above + b5_m6a_loo_donor; GEO GSE309039,YES(public GEO+MSigDB+Ensembl),mapped,"RE-RUN PASS (clean-room run01, C4.4E)",PASS
7,B5/robustness_threshold_sensitivity.csv,B5,scripts/b5_m6b_permutation.py,output/B5/core68_evidence_matrix.csv; output/B2/IFN_gold_standard_ISG_up.csv; output/B2/CoCul_vs_MoCul_sig.csv; output/B2/GSE309037_B2_CoCul_vs_MoCul.csv; output/B1/data2_C8_GMCSF_vs_ctrl.csv; output/B1/data2_C9_LN229_vs_mono.csv,scripts/b5_m6b_permutation.py,above + b5_m6a_loo_donor; GEO GSE309039,YES(public GEO+MSigDB+Ensembl),mapped,"RE-RUN PASS (clean-room run01, C4.4E)",PASS
8,B5/permutation_distributions.csv,B5,scripts/b5_m6b_permutation.py,output/B5/core68_evidence_matrix.csv; output/B2/IFN_gold_standard_ISG_up.csv; output/B2/CoCul_vs_MoCul_sig.csv; output/B2/GSE309037_B2_CoCul_vs_MoCul.csv; output/B1/data2_C8_GMCSF_vs_ctrl.csv; output/B1/data2_C9_LN229_vs_mono.csv,scripts/b5_m6b_permutation.py,above + b5_m6a_loo_donor; GEO GSE309039,YES(public GEO+MSigDB+Ensembl),mapped,"RE-RUN PASS (clean-room run01, C4.4E)",PASS
9,B6/permutation_results_corrected.csv,B6,scripts/b6_permutation_audit.py,temp-intermediate b6_bg_genes_annotated.csv (b6_prep_permutation_data); output/B5/core68_evidence_matrix.csv; output/B2/GSE309037_B2_CoCul_vs_MoCul.csv; output/B1/data2_C8_GMCSF_vs_ctrl.csv; output/B1/data2_C9_LN229_vs_mono.csv,scripts/b6_permutation_audit.py,"B1/B2 tables + b6_prep_permutation_data (needs output/B2 dds.pkl from 08, gene_annotation.csv from 04, Ensembl-length cache from b6_fetch_gene_lengths)",YES(public GEO+MSigDB+Ensembl),mapped,"RE-RUN PASS (clean-room run01, C4.4E)",PASS
10,B6/permutation_audit.md,B6,scripts/b6_permutation_audit.py,temp-intermediate b6_bg_genes_annotated.csv (b6_prep_permutation_data); output/B5/core68_evidence_matrix.csv; output/B2/GSE309037_B2_CoCul_vs_MoCul.csv; output/B1/data2_C8_GMCSF_vs_ctrl.csv; output/B1/data2_C9_LN229_vs_mono.csv,scripts/b6_permutation_audit.py,"B1/B2 tables + b6_prep_permutation_data (needs output/B2 dds.pkl from 08, gene_annotation.csv from 04, Ensembl-length cache from b6_fetch_gene_lengths)",YES(public GEO+MSigDB+Ensembl),mapped,"RE-RUN PASS (clean-room run01, C4.4E)",PASS
11,B6/permutation_null_distributions.pdf,B6,scripts/b6_permutation_audit.py,temp-intermediate b6_bg_genes_annotated.csv (b6_prep_permutation_data); output/B5/core68_evidence_matrix.csv; output/B2/GSE309037_B2_CoCul_vs_MoCul.csv; output/B1/data2_C8_GMCSF_vs_ctrl.csv; output/B1/data2_C9_LN229_vs_mono.csv,scripts/b6_permutation_audit.py,"B1/B2 tables + b6_prep_permutation_data (needs output/B2 dds.pkl from 08, gene_annotation.csv from 04, Ensembl-length cache from b6_fetch_gene_lengths)",YES(public GEO+MSigDB+Ensembl),mapped,"RE-RUN PASS (clean-room run01, C4.4E)",PASS
12,B6/permutation_null_distributions.png,B6,scripts/b6_permutation_audit.py,temp-intermediate b6_bg_genes_annotated.csv (b6_prep_permutation_data); output/B5/core68_evidence_matrix.csv; output/B2/GSE309037_B2_CoCul_vs_MoCul.csv; output/B1/data2_C8_GMCSF_vs_ctrl.csv; output/B1/data2_C9_LN229_vs_mono.csv,scripts/b6_permutation_audit.py,"B1/B2 tables + b6_prep_permutation_data (needs output/B2 dds.pkl from 08, gene_annotation.csv from 04, Ensembl-length cache from b6_fetch_gene_lengths)",YES(public GEO+MSigDB+Ensembl),mapped,"RE-RUN PASS (clean-room run01, C4.4E)",PASS
13,B7/B7_m6_rescue_GSE163120.csv,B7,scripts/b7_06_rescue.py,output/B5/rescue_analysis_full.csv; output/B7/core68_reannotation.csv; temp-intermediate gse163120_tam_expr.pkl + gse163120_tam_annot.csv (b7_01_prep_data); temp-intermediate gse182109_myeloid_expr_aligned.pkl (scripts/generate_gse182109_aligned_object.py) + gse182109_myeloid_annot.csv (generated by scripts/generate_gse182109_aligned_object.py),scripts/b7_06_rescue.py,"B5 rescue (b5_m34), B7 reannotation (b7_02b), B7 prep pkl (b7_01 from C3.1 h5ad / GSM4972211 / GSE182109 raw)",YES(public GEO+MSigDB+Ensembl),mapped,"RE-RUN PASS (clean-room run01, C4.4E)",PASS
14,B7/B7_m6_rescue_GSE182109.csv,B7,scripts/b7_06_rescue.py,output/B5/rescue_analysis_full.csv; output/B7/core68_reannotation.csv; temp-intermediate gse163120_tam_expr.pkl + gse163120_tam_annot.csv (b7_01_prep_data); temp-intermediate gse182109_myeloid_expr_aligned.pkl (scripts/generate_gse182109_aligned_object.py) + gse182109_myeloid_annot.csv (generated by scripts/generate_gse182109_aligned_object.py),scripts/b7_06_rescue.py,"B5 rescue (b5_m34), B7 reannotation (b7_02b), B7 prep pkl (b7_01 from C3.1 h5ad / GSM4972211 / GSE182109 raw)",YES(public GEO+MSigDB+Ensembl),mapped,"RE-RUN PASS (clean-room run01, C4.4E)",PASS
15,B7/B7_m6_rescue_summary.csv,B7,scripts/b7_06_rescue.py,output/B5/rescue_analysis_full.csv; output/B7/core68_reannotation.csv; temp-intermediate gse163120_tam_expr.pkl + gse163120_tam_annot.csv (b7_01_prep_data); temp-intermediate gse182109_myeloid_expr_aligned.pkl (scripts/generate_gse182109_aligned_object.py) + gse182109_myeloid_annot.csv (generated by scripts/generate_gse182109_aligned_object.py),scripts/b7_06_rescue.py,"B5 rescue (b5_m34), B7 reannotation (b7_02b), B7 prep pkl (b7_01 from C3.1 h5ad / GSM4972211 / GSE182109 raw)",YES(public GEO+MSigDB+Ensembl),mapped,"RE-RUN PASS (clean-room run01, C4.4E)",PASS
16,B5/figures/Figure1_core68_heatmap.png,B5,figure_scripts/b5_figures.py,output/B5/core68_evidence_matrix.csv; mechanism_chain_validation.csv; rescue_analysis_full.csv; robustness_leave_one_donor_out.csv; permutation_distributions.csv; robustness_threshold_sensitivity.csv; rescue_sensitivity_analysis.csv; external_scRNA_patient_level_validation.csv; enrichment_ORA_full.csv; output/B4/B4b_ISG_core_set.csv,figure_scripts/b5_figures.py,all B5 analysis scripts b5_m1/m2/m34/m5/m6a/m6b/m7 and B4 (14),YES(public GEO+MSigDB+Ensembl),mapped,"RE-RUN PASS (clean-room run01, C4.4E)",PASS
17,B5/figures/Figure2_mechanism_chain.png,B5,figure_scripts/b5_figures.py,output/B5/core68_evidence_matrix.csv; mechanism_chain_validation.csv; rescue_analysis_full.csv; robustness_leave_one_donor_out.csv; permutation_distributions.csv; robustness_threshold_sensitivity.csv; rescue_sensitivity_analysis.csv; external_scRNA_patient_level_validation.csv; enrichment_ORA_full.csv; output/B4/B4b_ISG_core_set.csv,figure_scripts/b5_figures.py,all B5 analysis scripts b5_m1/m2/m34/m5/m6a/m6b/m7 and B4 (14),YES(public GEO+MSigDB+Ensembl),mapped,"RE-RUN PASS (clean-room run01, C4.4E)",PASS
18,B5/figures/Figure3A_suppression_rescue_scatter.png,B5,figure_scripts/b5_figures.py,output/B5/core68_evidence_matrix.csv; mechanism_chain_validation.csv; rescue_analysis_full.csv; robustness_leave_one_donor_out.csv; permutation_distributions.csv; robustness_threshold_sensitivity.csv; rescue_sensitivity_analysis.csv; external_scRNA_patient_level_validation.csv; enrichment_ORA_full.csv; output/B4/B4b_ISG_core_set.csv,figure_scripts/b5_figures.py,all B5 analysis scripts b5_m1/m2/m34/m5/m6a/m6b/m7 and B4 (14),YES(public GEO+MSigDB+Ensembl),mapped,"RE-RUN PASS (clean-room run01, C4.4E)",PASS
19,B5/figures/Figure3B_rescue_heatmap.png,B5,figure_scripts/b5_figures.py,output/B5/core68_evidence_matrix.csv; mechanism_chain_validation.csv; rescue_analysis_full.csv; robustness_leave_one_donor_out.csv; permutation_distributions.csv; robustness_threshold_sensitivity.csv; rescue_sensitivity_analysis.csv; external_scRNA_patient_level_validation.csv; enrichment_ORA_full.csv; output/B4/B4b_ISG_core_set.csv,figure_scripts/b5_figures.py,all B5 analysis scripts b5_m1/m2/m34/m5/m6a/m6b/m7 and B4 (14),YES(public GEO+MSigDB+Ensembl),mapped,"RE-RUN PASS (clean-room run01, C4.4E)",PASS
20,B5/figures/Figure4_enrichment_ORA.png,B5,figure_scripts/b5_figures.py,output/B5/core68_evidence_matrix.csv; mechanism_chain_validation.csv; rescue_analysis_full.csv; robustness_leave_one_donor_out.csv; permutation_distributions.csv; robustness_threshold_sensitivity.csv; rescue_sensitivity_analysis.csv; external_scRNA_patient_level_validation.csv; enrichment_ORA_full.csv; output/B4/B4b_ISG_core_set.csv,figure_scripts/b5_figures.py,all B5 analysis scripts b5_m1/m2/m34/m5/m6a/m6b/m7 and B4 (14),YES(public GEO+MSigDB+Ensembl),mapped,"RE-RUN PASS (clean-room run01, C4.4E)",PASS
21,B5/figures/Figure5_robustness.png,B5,figure_scripts/b5_figures.py,output/B5/core68_evidence_matrix.csv; mechanism_chain_validation.csv; rescue_analysis_full.csv; robustness_leave_one_donor_out.csv; permutation_distributions.csv; robustness_threshold_sensitivity.csv; rescue_sensitivity_analysis.csv; external_scRNA_patient_level_validation.csv; enrichment_ORA_full.csv; output/B4/B4b_ISG_core_set.csv,figure_scripts/b5_figures.py,all B5 analysis scripts b5_m1/m2/m34/m5/m6a/m6b/m7 and B4 (14),YES(public GEO+MSigDB+Ensembl),mapped,"RE-RUN PASS (clean-room run01, C4.4E)",PASS
22,B5/figures/Figure6_scRNA_patient_level.png,B5,figure_scripts/b5_figures.py,output/B5/core68_evidence_matrix.csv; mechanism_chain_validation.csv; rescue_analysis_full.csv; robustness_leave_one_donor_out.csv; permutation_distributions.csv; robustness_threshold_sensitivity.csv; rescue_sensitivity_analysis.csv; external_scRNA_patient_level_validation.csv; enrichment_ORA_full.csv; output/B4/B4b_ISG_core_set.csv,figure_scripts/b5_figures.py,all B5 analysis scripts b5_m1/m2/m34/m5/m6a/m6b/m7 and B4 (14),YES(public GEO+MSigDB+Ensembl),mapped,"RE-RUN PASS (clean-room run01, C4.4E)",PASS
23,B5/suppl/Suppl_threshold_sensitivity.png,B5,figure_scripts/b5_figures.py,output/B5/core68_evidence_matrix.csv; mechanism_chain_validation.csv; rescue_analysis_full.csv; robustness_leave_one_donor_out.csv; permutation_distributions.csv; robustness_threshold_sensitivity.csv; rescue_sensitivity_analysis.csv; external_scRNA_patient_level_validation.csv; enrichment_ORA_full.csv; output/B4/B4b_ISG_core_set.csv,figure_scripts/b5_figures.py,all B5 analysis scripts b5_m1/m2/m34/m5/m6a/m6b/m7 and B4 (14),YES(public GEO+MSigDB+Ensembl),mapped,"RE-RUN PASS (clean-room run01, C4.4E)",PASS
24,B5/suppl/Suppl_permutation_distributions.png,B5,figure_scripts/b5_figures.py,output/B5/core68_evidence_matrix.csv; mechanism_chain_validation.csv; rescue_analysis_full.csv; robustness_leave_one_donor_out.csv; permutation_distributions.csv; robustness_threshold_sensitivity.csv; rescue_sensitivity_analysis.csv; external_scRNA_patient_level_validation.csv; enrichment_ORA_full.csv; output/B4/B4b_ISG_core_set.csv,figure_scripts/b5_figures.py,all B5 analysis scripts b5_m1/m2/m34/m5/m6a/m6b/m7 and B4 (14),YES(public GEO+MSigDB+Ensembl),mapped,"RE-RUN PASS (clean-room run01, C4.4E)",PASS
25,B5/suppl/Suppl_rescue_sensitivity.png,B5,figure_scripts/b5_figures.py,output/B5/core68_evidence_matrix.csv; mechanism_chain_validation.csv; rescue_analysis_full.csv; robustness_leave_one_donor_out.csv; permutation_distributions.csv; robustness_threshold_sensitivity.csv; rescue_sensitivity_analysis.csv; external_scRNA_patient_level_validation.csv; enrichment_ORA_full.csv; output/B4/B4b_ISG_core_set.csv,figure_scripts/b5_figures.py,all B5 analysis scripts b5_m1/m2/m34/m5/m6a/m6b/m7 and B4 (14),YES(public GEO+MSigDB+Ensembl),mapped,"RE-RUN PASS (clean-room run01, C4.4E)",PASS
26,B7/Figure_S2_classical_IFN_forest.pdf,B7,figure_scripts/b7_08_figures.py,output/B7/canonical15_results.csv; context53_results.csv; gmcsf_ifn_meta_analysis.csv; gene_contribution_analysis.csv; B7_m4_cell_scores.csv,figure_scripts/b7_08_figures.py,b7_02b/b7_03b/b7_04/b7_05 and C3.1 patient module scores,YES(public GEO+MSigDB+Ensembl),mapped,"RE-RUN PASS (clean-room run01, C4.4E)",PASS
27,B7/Figure_S2_classical_IFN_forest.png,B7,figure_scripts/b7_08_figures.py,output/B7/canonical15_results.csv; context53_results.csv; gmcsf_ifn_meta_analysis.csv; gene_contribution_analysis.csv; B7_m4_cell_scores.csv,figure_scripts/b7_08_figures.py,b7_02b/b7_03b/b7_04/b7_05 and C3.1 patient module scores,YES(public GEO+MSigDB+Ensembl),mapped,"RE-RUN PASS (clean-room run01, C4.4E)",PASS
28,B7/Figure_S3_gene_contribution.pdf,B7,figure_scripts/b7_08_figures.py,output/B7/canonical15_results.csv; context53_results.csv; gmcsf_ifn_meta_analysis.csv; gene_contribution_analysis.csv; B7_m4_cell_scores.csv,figure_scripts/b7_08_figures.py,b7_02b/b7_03b/b7_04/b7_05 and C3.1 patient module scores,YES(public GEO+MSigDB+Ensembl),mapped,"RE-RUN PASS (clean-room run01, C4.4E)",PASS
29,B7/Figure_S3_gene_contribution.png,B7,figure_scripts/b7_08_figures.py,output/B7/canonical15_results.csv; context53_results.csv; gmcsf_ifn_meta_analysis.csv; gene_contribution_analysis.csv; B7_m4_cell_scores.csv,figure_scripts/b7_08_figures.py,b7_02b/b7_03b/b7_04/b7_05 and C3.1 patient module scores,YES(public GEO+MSigDB+Ensembl),mapped,"RE-RUN PASS (clean-room run01, C4.4E)",PASS
30,B7/Figure_S4_gmcsf_ifn_corr.pdf,B7,figure_scripts/b7_08_figures.py,output/B7/canonical15_results.csv; context53_results.csv; gmcsf_ifn_meta_analysis.csv; gene_contribution_analysis.csv; B7_m4_cell_scores.csv,figure_scripts/b7_08_figures.py,b7_02b/b7_03b/b7_04/b7_05 and C3.1 patient module scores,YES(public GEO+MSigDB+Ensembl),mapped,"RE-RUN PASS (clean-room run01, C4.4E)",PASS
31,B7/Figure_S4_gmcsf_ifn_corr.png,B7,figure_scripts/b7_08_figures.py,output/B7/canonical15_results.csv; context53_results.csv; gmcsf_ifn_meta_analysis.csv; gene_contribution_analysis.csv; B7_m4_cell_scores.csv,figure_scripts/b7_08_figures.py,b7_02b/b7_03b/b7_04/b7_05 and C3.1 patient module scores,YES(public GEO+MSigDB+Ensembl),mapped,"RE-RUN PASS (clean-room run01, C4.4E)",PASS
32,B7/B7_figure_claim_evidence.csv,B7,figure_scripts/b7_08_figures.py,output/B7/canonical15_results.csv; context53_results.csv; gmcsf_ifn_meta_analysis.csv; gene_contribution_analysis.csv; B7_m4_cell_scores.csv,figure_scripts/b7_08_figures.py,b7_02b/b7_03b/b7_04/b7_05 and C3.1 patient module scores,YES(public GEO+MSigDB+Ensembl),mapped,"RE-RUN PASS (clean-room run01, C4.4E)",PASS
33,C2/figures/Figure1_design.tif,C2,figure_scripts/make_main_figures.py,output/B2/GSE309037_B2_IFN_vs_MoCul.csv; output/B2/GSE309037_B2_CoCul_vs_MoCul.csv; output/B2/IFN_gold_standard_ISG_up.csv; output/B5/permutation_distributions.csv; output/B5/mechanism_chain_validation.csv; output/B7/B7_m4_cell_scores.csv; temp-intermediate patient_paired_GSE163120.csv + patient_paired_GSE182109.csv (prep_patient_paired); C2/A4_module_scores_patientlevel.csv etc via helper,figure_scripts/make_main_figures.py,"all B1-B7 outputs + prep_patient_paired; ultimate GEO GSE309037/038/039, GSE163120(GSM4972211), GSE182109",YES(public GEO+MSigDB+Ensembl),mapped,"RE-RUN PASS (clean-room run01, C4.4E)",PASS
34,C2/figures/Figure2_IFN_program.tif,C2,figure_scripts/make_main_figures.py,output/B2/GSE309037_B2_IFN_vs_MoCul.csv; output/B2/GSE309037_B2_CoCul_vs_MoCul.csv; output/B2/IFN_gold_standard_ISG_up.csv; output/B5/permutation_distributions.csv; output/B5/mechanism_chain_validation.csv; output/B7/B7_m4_cell_scores.csv; temp-intermediate patient_paired_GSE163120.csv + patient_paired_GSE182109.csv (prep_patient_paired); C2/A4_module_scores_patientlevel.csv etc via helper,figure_scripts/make_main_figures.py,"all B1-B7 outputs + prep_patient_paired; ultimate GEO GSE309037/038/039, GSE163120(GSM4972211), GSE182109",YES(public GEO+MSigDB+Ensembl),mapped,"RE-RUN PASS (clean-room run01, C4.4E)",PASS
35,C2/figures/Figure3_GMCSF_recapitulation.tif,C2,figure_scripts/make_main_figures.py,output/B2/GSE309037_B2_IFN_vs_MoCul.csv; output/B2/GSE309037_B2_CoCul_vs_MoCul.csv; output/B2/IFN_gold_standard_ISG_up.csv; output/B5/permutation_distributions.csv; output/B5/mechanism_chain_validation.csv; output/B7/B7_m4_cell_scores.csv; temp-intermediate patient_paired_GSE163120.csv + patient_paired_GSE182109.csv (prep_patient_paired); C2/A4_module_scores_patientlevel.csv etc via helper,figure_scripts/make_main_figures.py,"all B1-B7 outputs + prep_patient_paired; ultimate GEO GSE309037/038/039, GSE163120(GSM4972211), GSE182109",YES(public GEO+MSigDB+Ensembl),mapped,"RE-RUN PASS (clean-room run01, C4.4E)",PASS
36,C2/figures/Figure4_neutralization.tif,C2,figure_scripts/make_main_figures.py,output/B2/GSE309037_B2_IFN_vs_MoCul.csv; output/B2/GSE309037_B2_CoCul_vs_MoCul.csv; output/B2/IFN_gold_standard_ISG_up.csv; output/B5/permutation_distributions.csv; output/B5/mechanism_chain_validation.csv; output/B7/B7_m4_cell_scores.csv; temp-intermediate patient_paired_GSE163120.csv + patient_paired_GSE182109.csv (prep_patient_paired); C2/A4_module_scores_patientlevel.csv etc via helper,figure_scripts/make_main_figures.py,"all B1-B7 outputs + prep_patient_paired; ultimate GEO GSE309037/038/039, GSE163120(GSM4972211), GSE182109",YES(public GEO+MSigDB+Ensembl),mapped,"RE-RUN PASS (clean-room run01, C4.4E)",PASS
37,C2/figures/Figure5_patient_boundaries.tif,C2,figure_scripts/make_main_figures.py,output/B2/GSE309037_B2_IFN_vs_MoCul.csv; output/B2/GSE309037_B2_CoCul_vs_MoCul.csv; output/B2/IFN_gold_standard_ISG_up.csv; output/B5/permutation_distributions.csv; output/B5/mechanism_chain_validation.csv; output/B7/B7_m4_cell_scores.csv; temp-intermediate patient_paired_GSE163120.csv + patient_paired_GSE182109.csv (prep_patient_paired); C2/A4_module_scores_patientlevel.csv etc via helper,figure_scripts/make_main_figures.py,"all B1-B7 outputs + prep_patient_paired; ultimate GEO GSE309037/038/039, GSE163120(GSM4972211), GSE182109",YES(public GEO+MSigDB+Ensembl),mapped,"RE-RUN PASS (clean-room run01, C4.4E)",PASS
38,C2/figure_source_data/fig2_heatmap_source.csv,C2,figure_scripts/make_main_figures.py,output/B2/GSE309037_B2_IFN_vs_MoCul.csv; output/B2/GSE309037_B2_CoCul_vs_MoCul.csv; output/B2/IFN_gold_standard_ISG_up.csv; output/B5/permutation_distributions.csv; output/B5/mechanism_chain_validation.csv; output/B7/B7_m4_cell_scores.csv; temp-intermediate patient_paired_GSE163120.csv + patient_paired_GSE182109.csv (prep_patient_paired); C2/A4_module_scores_patientlevel.csv etc via helper,figure_scripts/make_main_figures.py,"all B1-B7 outputs + prep_patient_paired; ultimate GEO GSE309037/038/039, GSE163120(GSM4972211), GSE182109",YES(public GEO+MSigDB+Ensembl),mapped,"RE-RUN PASS (clean-room run01, C4.4E)",PASS
39,C2/figure_source_data/fig2_direct_vs_indirect.csv,C2,figure_scripts/make_main_figures.py,output/B2/GSE309037_B2_IFN_vs_MoCul.csv; output/B2/GSE309037_B2_CoCul_vs_MoCul.csv; output/B2/IFN_gold_standard_ISG_up.csv; output/B5/permutation_distributions.csv; output/B5/mechanism_chain_validation.csv; output/B7/B7_m4_cell_scores.csv; temp-intermediate patient_paired_GSE163120.csv + patient_paired_GSE182109.csv (prep_patient_paired); C2/A4_module_scores_patientlevel.csv etc via helper,figure_scripts/make_main_figures.py,"all B1-B7 outputs + prep_patient_paired; ultimate GEO GSE309037/038/039, GSE163120(GSM4972211), GSE182109",YES(public GEO+MSigDB+Ensembl),mapped,"RE-RUN PASS (clean-room run01, C4.4E)",PASS
40,C2/figure_source_data/fig2_leave_one_donor.csv,C2,figure_scripts/make_main_figures.py,output/B2/GSE309037_B2_IFN_vs_MoCul.csv; output/B2/GSE309037_B2_CoCul_vs_MoCul.csv; output/B2/IFN_gold_standard_ISG_up.csv; output/B5/permutation_distributions.csv; output/B5/mechanism_chain_validation.csv; output/B7/B7_m4_cell_scores.csv; temp-intermediate patient_paired_GSE163120.csv + patient_paired_GSE182109.csv (prep_patient_paired); C2/A4_module_scores_patientlevel.csv etc via helper,figure_scripts/make_main_figures.py,"all B1-B7 outputs + prep_patient_paired; ultimate GEO GSE309037/038/039, GSE163120(GSM4972211), GSE182109",YES(public GEO+MSigDB+Ensembl),mapped,"RE-RUN PASS (clean-room run01, C4.4E)",PASS
41,C2/figure_source_data/fig3_gmcsf_vs_lN229.csv,C2,figure_scripts/make_main_figures.py,output/B2/GSE309037_B2_IFN_vs_MoCul.csv; output/B2/GSE309037_B2_CoCul_vs_MoCul.csv; output/B2/IFN_gold_standard_ISG_up.csv; output/B5/permutation_distributions.csv; output/B5/mechanism_chain_validation.csv; output/B7/B7_m4_cell_scores.csv; temp-intermediate patient_paired_GSE163120.csv + patient_paired_GSE182109.csv (prep_patient_paired); C2/A4_module_scores_patientlevel.csv etc via helper,figure_scripts/make_main_figures.py,"all B1-B7 outputs + prep_patient_paired; ultimate GEO GSE309037/038/039, GSE163120(GSM4972211), GSE182109",YES(public GEO+MSigDB+Ensembl),mapped,"RE-RUN PASS (clean-room run01, C4.4E)",PASS
42,C2/figure_source_data/fig3_permutation_null.csv,C2,figure_scripts/make_main_figures.py,output/B2/GSE309037_B2_IFN_vs_MoCul.csv; output/B2/GSE309037_B2_CoCul_vs_MoCul.csv; output/B2/IFN_gold_standard_ISG_up.csv; output/B5/permutation_distributions.csv; output/B5/mechanism_chain_validation.csv; output/B7/B7_m4_cell_scores.csv; temp-intermediate patient_paired_GSE163120.csv + patient_paired_GSE182109.csv (prep_patient_paired); C2/A4_module_scores_patientlevel.csv etc via helper,figure_scripts/make_main_figures.py,"all B1-B7 outputs + prep_patient_paired; ultimate GEO GSE309037/038/039, GSE163120(GSM4972211), GSE182109",YES(public GEO+MSigDB+Ensembl),mapped,"RE-RUN PASS (clean-room run01, C4.4E)",PASS
43,C2/figure_source_data/fig4_rescue_genes.csv,C2,figure_scripts/make_main_figures.py,output/B2/GSE309037_B2_IFN_vs_MoCul.csv; output/B2/GSE309037_B2_CoCul_vs_MoCul.csv; output/B2/IFN_gold_standard_ISG_up.csv; output/B5/permutation_distributions.csv; output/B5/mechanism_chain_validation.csv; output/B7/B7_m4_cell_scores.csv; temp-intermediate patient_paired_GSE163120.csv + patient_paired_GSE182109.csv (prep_patient_paired); C2/A4_module_scores_patientlevel.csv etc via helper,figure_scripts/make_main_figures.py,"all B1-B7 outputs + prep_patient_paired; ultimate GEO GSE309037/038/039, GSE163120(GSM4972211), GSE182109",YES(public GEO+MSigDB+Ensembl),mapped,"RE-RUN PASS (clean-room run01, C4.4E)",PASS
44,C2/figure_source_data/fig4_sensitivity.csv,C2,figure_scripts/make_main_figures.py,output/B2/GSE309037_B2_IFN_vs_MoCul.csv; output/B2/GSE309037_B2_CoCul_vs_MoCul.csv; output/B2/IFN_gold_standard_ISG_up.csv; output/B5/permutation_distributions.csv; output/B5/mechanism_chain_validation.csv; output/B7/B7_m4_cell_scores.csv; temp-intermediate patient_paired_GSE163120.csv + patient_paired_GSE182109.csv (prep_patient_paired); C2/A4_module_scores_patientlevel.csv etc via helper,figure_scripts/make_main_figures.py,"all B1-B7 outputs + prep_patient_paired; ultimate GEO GSE309037/038/039, GSE163120(GSM4972211), GSE182109",YES(public GEO+MSigDB+Ensembl),mapped,"RE-RUN PASS (clean-room run01, C4.4E)",PASS
45,C2/figure_source_data/fig5_paired_GSE163120.csv,C2,figure_scripts/make_main_figures.py,output/B2/GSE309037_B2_IFN_vs_MoCul.csv; output/B2/GSE309037_B2_CoCul_vs_MoCul.csv; output/B2/IFN_gold_standard_ISG_up.csv; output/B5/permutation_distributions.csv; output/B5/mechanism_chain_validation.csv; output/B7/B7_m4_cell_scores.csv; temp-intermediate patient_paired_GSE163120.csv + patient_paired_GSE182109.csv (prep_patient_paired); C2/A4_module_scores_patientlevel.csv etc via helper,figure_scripts/make_main_figures.py,"all B1-B7 outputs + prep_patient_paired; ultimate GEO GSE309037/038/039, GSE163120(GSM4972211), GSE182109",YES(public GEO+MSigDB+Ensembl),mapped,"RE-RUN PASS (clean-room run01, C4.4E)",PASS
46,C2/figure_source_data/fig5_paired_GSE182109.csv,C2,figure_scripts/make_main_figures.py,output/B2/GSE309037_B2_IFN_vs_MoCul.csv; output/B2/GSE309037_B2_CoCul_vs_MoCul.csv; output/B2/IFN_gold_standard_ISG_up.csv; output/B5/permutation_distributions.csv; output/B5/mechanism_chain_validation.csv; output/B7/B7_m4_cell_scores.csv; temp-intermediate patient_paired_GSE163120.csv + patient_paired_GSE182109.csv (prep_patient_paired); C2/A4_module_scores_patientlevel.csv etc via helper,figure_scripts/make_main_figures.py,"all B1-B7 outputs + prep_patient_paired; ultimate GEO GSE309037/038/039, GSE163120(GSM4972211), GSE182109",YES(public GEO+MSigDB+Ensembl),mapped,"RE-RUN PASS (clean-room run01, C4.4E)",PASS
47,C2/figure_source_data/fig5_meta.csv,C2,figure_scripts/make_main_figures.py,output/B2/GSE309037_B2_IFN_vs_MoCul.csv; output/B2/GSE309037_B2_CoCul_vs_MoCul.csv; output/B2/IFN_gold_standard_ISG_up.csv; output/B5/permutation_distributions.csv; output/B5/mechanism_chain_validation.csv; output/B7/B7_m4_cell_scores.csv; temp-intermediate patient_paired_GSE163120.csv + patient_paired_GSE182109.csv (prep_patient_paired); C2/A4_module_scores_patientlevel.csv etc via helper,figure_scripts/make_main_figures.py,"all B1-B7 outputs + prep_patient_paired; ultimate GEO GSE309037/038/039, GSE163120(GSM4972211), GSE182109",YES(public GEO+MSigDB+Ensembl),mapped,"RE-RUN PASS (clean-room run01, C4.4E)",PASS
48,C2/figure_source_data/fig5_gene_contribution.csv,C2,figure_scripts/make_main_figures.py,output/B2/GSE309037_B2_IFN_vs_MoCul.csv; output/B2/GSE309037_B2_CoCul_vs_MoCul.csv; output/B2/IFN_gold_standard_ISG_up.csv; output/B5/permutation_distributions.csv; output/B5/mechanism_chain_validation.csv; output/B7/B7_m4_cell_scores.csv; temp-intermediate patient_paired_GSE163120.csv + patient_paired_GSE182109.csv (prep_patient_paired); C2/A4_module_scores_patientlevel.csv etc via helper,figure_scripts/make_main_figures.py,"all B1-B7 outputs + prep_patient_paired; ultimate GEO GSE309037/038/039, GSE163120(GSM4972211), GSE182109",YES(public GEO+MSigDB+Ensembl),mapped,"RE-RUN PASS (clean-room run01, C4.4E)",PASS
49,C2/figure_source_data/fig5_leave_one_gene.csv,C2,figure_scripts/make_main_figures.py,output/B2/GSE309037_B2_IFN_vs_MoCul.csv; output/B2/GSE309037_B2_CoCul_vs_MoCul.csv; output/B2/IFN_gold_standard_ISG_up.csv; output/B5/permutation_distributions.csv; output/B5/mechanism_chain_validation.csv; output/B7/B7_m4_cell_scores.csv; temp-intermediate patient_paired_GSE163120.csv + patient_paired_GSE182109.csv (prep_patient_paired); C2/A4_module_scores_patientlevel.csv etc via helper,figure_scripts/make_main_figures.py,"all B1-B7 outputs + prep_patient_paired; ultimate GEO GSE309037/038/039, GSE163120(GSM4972211), GSE182109",YES(public GEO+MSigDB+Ensembl),mapped,"RE-RUN PASS (clean-room run01, C4.4E)",PASS
50,C2/figure_source_data/fig5_within_motam.csv,C2,figure_scripts/make_main_figures.py,output/B2/GSE309037_B2_IFN_vs_MoCul.csv; output/B2/GSE309037_B2_CoCul_vs_MoCul.csv; output/B2/IFN_gold_standard_ISG_up.csv; output/B5/permutation_distributions.csv; output/B5/mechanism_chain_validation.csv; output/B7/B7_m4_cell_scores.csv; temp-intermediate patient_paired_GSE163120.csv + patient_paired_GSE182109.csv (prep_patient_paired); C2/A4_module_scores_patientlevel.csv etc via helper,figure_scripts/make_main_figures.py,"all B1-B7 outputs + prep_patient_paired; ultimate GEO GSE309037/038/039, GSE163120(GSM4972211), GSE182109",YES(public GEO+MSigDB+Ensembl),mapped,"RE-RUN PASS (clean-room run01, C4.4E)",PASS
51,C2/figures/FigureS1_permutation.tif,C2,figure_scripts/make_supp_figures.py,output/B5/B6/B7 families read by same helper: B5 suppl tables (threshold_sensitivity/permutation_distributions/rescue_sensitivity); B6 decomposition & audit csv; B7 classical IFN/contribution/corr csv; C2 source data re-plotted,figure_scripts/make_supp_figures.py,same full analysis chain,YES(public GEO+MSigDB+Ensembl),mapped,"RE-RUN PASS (clean-room run01, C4.4E)",PASS
52,C2/figures/FigureS2_loo_donor.tif,C2,figure_scripts/make_supp_figures.py,output/B5/B6/B7 families read by same helper: B5 suppl tables (threshold_sensitivity/permutation_distributions/rescue_sensitivity); B6 decomposition & audit csv; B7 classical IFN/contribution/corr csv; C2 source data re-plotted,figure_scripts/make_supp_figures.py,same full analysis chain,YES(public GEO+MSigDB+Ensembl),mapped,"RE-RUN PASS (clean-room run01, C4.4E)",PASS
53,C2/figures/FigureS3_loo_gene.tif,C2,figure_scripts/make_supp_figures.py,output/B5/B6/B7 families read by same helper: B5 suppl tables (threshold_sensitivity/permutation_distributions/rescue_sensitivity); B6 decomposition & audit csv; B7 classical IFN/contribution/corr csv; C2 source data re-plotted,figure_scripts/make_supp_figures.py,same full analysis chain,YES(public GEO+MSigDB+Ensembl),mapped,"RE-RUN PASS (clean-room run01, C4.4E)",PASS
54,C2/figures/FigureS4_method_sensitivity.tif,C2,figure_scripts/make_supp_figures.py,output/B5/B6/B7 families read by same helper: B5 suppl tables (threshold_sensitivity/permutation_distributions/rescue_sensitivity); B6 decomposition & audit csv; B7 classical IFN/contribution/corr csv; C2 source data re-plotted,figure_scripts/make_supp_figures.py,same full analysis chain,YES(public GEO+MSigDB+Ensembl),mapped,"RE-RUN PASS (clean-room run01, C4.4E)",PASS
55,C2/figures/FigureS5_rescue_patient.tif,C2,figure_scripts/make_supp_figures.py,output/B5/B6/B7 families read by same helper: B5 suppl tables (threshold_sensitivity/permutation_distributions/rescue_sensitivity); B6 decomposition & audit csv; B7 classical IFN/contribution/corr csv; C2 source data re-plotted,figure_scripts/make_supp_figures.py,same full analysis chain,YES(public GEO+MSigDB+Ensembl),mapped,"RE-RUN PASS (clean-room run01, C4.4E)",PASS
56,C2/figures/FigureS6_enrichment.tif,C2,figure_scripts/make_supp_figures.py,output/B5/B6/B7 families read by same helper: B5 suppl tables (threshold_sensitivity/permutation_distributions/rescue_sensitivity); B6 decomposition & audit csv; B7 classical IFN/contribution/corr csv; C2 source data re-plotted,figure_scripts/make_supp_figures.py,same full analysis chain,YES(public GEO+MSigDB+Ensembl),mapped,"RE-RUN PASS (clean-room run01, C4.4E)",PASS
57,C2/figures/FigureS7_annotation_audit.tif,C2,figure_scripts/make_supp_figures.py,output/B5/B6/B7 families read by same helper: B5 suppl tables (threshold_sensitivity/permutation_distributions/rescue_sensitivity); B6 decomposition & audit csv; B7 classical IFN/contribution/corr csv; C2 source data re-plotted,figure_scripts/make_supp_figures.py,same full analysis chain,YES(public GEO+MSigDB+Ensembl),mapped,"RE-RUN PASS (clean-room run01, C4.4E)",PASS
58,C2/figure_source_data/figS1_permutation.csv,C2,figure_scripts/make_supp_figures.py,output/B5/B6/B7 families read by same helper: B5 suppl tables (threshold_sensitivity/permutation_distributions/rescue_sensitivity); B6 decomposition & audit csv; B7 classical IFN/contribution/corr csv; C2 source data re-plotted,figure_scripts/make_supp_figures.py,same full analysis chain,YES(public GEO+MSigDB+Ensembl),mapped,"RE-RUN PASS (clean-room run01, C4.4E)",PASS
59,C2/figure_source_data/figS2_loo_donor.csv,C2,figure_scripts/make_supp_figures.py,output/B5/B6/B7 families read by same helper: B5 suppl tables (threshold_sensitivity/permutation_distributions/rescue_sensitivity); B6 decomposition & audit csv; B7 classical IFN/contribution/corr csv; C2 source data re-plotted,figure_scripts/make_supp_figures.py,same full analysis chain,YES(public GEO+MSigDB+Ensembl),mapped,"RE-RUN PASS (clean-room run01, C4.4E)",PASS
60,C2/figure_source_data/figS3_loo_gene.csv,C2,figure_scripts/make_supp_figures.py,output/B5/B6/B7 families read by same helper: B5 suppl tables (threshold_sensitivity/permutation_distributions/rescue_sensitivity); B6 decomposition & audit csv; B7 classical IFN/contribution/corr csv; C2 source data re-plotted,figure_scripts/make_supp_figures.py,same full analysis chain,YES(public GEO+MSigDB+Ensembl),mapped,"RE-RUN PASS (clean-room run01, C4.4E)",PASS
61,C2/figure_source_data/figS4_method.csv,C2,figure_scripts/make_supp_figures.py,output/B5/B6/B7 families read by same helper: B5 suppl tables (threshold_sensitivity/permutation_distributions/rescue_sensitivity); B6 decomposition & audit csv; B7 classical IFN/contribution/corr csv; C2 source data re-plotted,figure_scripts/make_supp_figures.py,same full analysis chain,YES(public GEO+MSigDB+Ensembl),mapped,"RE-RUN PASS (clean-room run01, C4.4E)",PASS
62,C2/figure_source_data/figS5_rescue_patient.csv,C2,figure_scripts/make_supp_figures.py,output/B5/B6/B7 families read by same helper: B5 suppl tables (threshold_sensitivity/permutation_distributions/rescue_sensitivity); B6 decomposition & audit csv; B7 classical IFN/contribution/corr csv; C2 source data re-plotted,figure_scripts/make_supp_figures.py,same full analysis chain,YES(public GEO+MSigDB+Ensembl),mapped,"RE-RUN PASS (clean-room run01, C4.4E)",PASS
63,C2/figure_source_data/figS6_ORA_full.csv,C2,figure_scripts/make_supp_figures.py,output/B5/B6/B7 families read by same helper: B5 suppl tables (threshold_sensitivity/permutation_distributions/rescue_sensitivity); B6 decomposition & audit csv; B7 classical IFN/contribution/corr csv; C2 source data re-plotted,figure_scripts/make_supp_figures.py,same full analysis chain,YES(public GEO+MSigDB+Ensembl),mapped,"RE-RUN PASS (clean-room run01, C4.4E)",PASS
64,C2/figure_source_data/figS6_GSEA_full.csv,C2,figure_scripts/make_supp_figures.py,output/B5/B6/B7 families read by same helper: B5 suppl tables (threshold_sensitivity/permutation_distributions/rescue_sensitivity); B6 decomposition & audit csv; B7 classical IFN/contribution/corr csv; C2 source data re-plotted,figure_scripts/make_supp_figures.py,same full analysis chain,YES(public GEO+MSigDB+Ensembl),mapped,"RE-RUN PASS (clean-room run01, C4.4E)",PASS
65,C2/figure_source_data/figS7_annotation_audit.csv,C2,figure_scripts/make_supp_figures.py,output/B5/B6/B7 families read by same helper: B5 suppl tables (threshold_sensitivity/permutation_distributions/rescue_sensitivity); B6 decomposition & audit csv; B7 classical IFN/contribution/corr csv; C2 source data re-plotted,figure_scripts/make_supp_figures.py,same full analysis chain,YES(public GEO+MSigDB+Ensembl),mapped,"RE-RUN PASS (clean-room run01, C4.4E)",PASS
